2009-01-03 00:00:00,0.000285
2009-01-05 00:00:00,0.0
2009-01-07 00:00:00,0.0
2009-01-09 00:00:00,0.00021499999999999997
2009-01-11 00:00:00,0.0002153867924528302
2009-01-13 00:00:00,0.00021807826086956523
2009-01-15 00:00:00,0.000241748031496063
2009-01-17 00:00:00,0.00021823148148148147
2009-01-19 00:00:00,0.00021955462184873945
2009-01-21 00:00:00,0.00022753982300884954
2009-01-23 00:00:00,0.00022194029850746268
2009-01-25 00:00:00,0.00021696907216494843
2009-01-27 00:00:00,0.00024252427184466018
2009-01-29 00:00:00,0.0002154672131147541
2009-01-31 00:00:00,0.0002155581395348837
2009-02-02 00:00:00,0.00021583464566929134
2009-02-04 00:00:00,0.00022239024390243903
2009-02-06 00:00:00,0.00021581395348837208
2009-02-08 00:00:00,0.00021752985074626868
2009-02-10 00:00:00,0.0002156692913385827
2009-02-12 00:00:00,0.00022048305084745762
2009-02-14 00:00:00,0.00021586524822695037
2009-02-16 00:00:00,0.00021588617886178857
2009-02-18 00:00:00,0.00021593548387096776
2009-02-20 00:00:00,0.000230453125
2009-02-22 00:00:00,0.00022858677685950413
2009-02-24 00:00:00,0.00021594594594594594
2009-02-26 00:00:00,0.0002159791666666667
2009-02-28 00:00:00,0.0002566862745098039
2009-03-02 00:00:00,0.00021594230769230767
2009-03-04 00:00:00,0.00021571698113207548
2009-03-06 00:00:00,0.0002239406779661017
2009-03-08 00:00:00,0.00024435714285714284
2009-03-10 00:00:00,0.0002158095238095238
2009-03-12 00:00:00,0.0002195
2009-03-14 00:00:00,0.00021593965517241378
2009-03-16 00:00:00,0.00025836923076923076
2009-03-18 00:00:00,0.00021595454545454544
2009-03-20 00:00:00,0.0002277457627118644
2009-03-22 00:00:00,0.00022998947368421053
2009-03-24 00:00:00,0.00021598095238095237
2009-03-26 00:00:00,0.00024456637168141594
2009-03-28 00:00:00,0.00023622689075630254
2009-03-30 00:00:00,0.000215872
2009-04-01 00:00:00,0.00021587850467289722
2009-04-03 00:00:00,0.00021595575221238937
2009-04-05 00:00:00,0.000215968992248062
2009-04-07 00:00:00,0.00021598989898989897
2009-04-09 00:00:00,0.0002158888888888889
2009-04-11 00:00:00,0.00022322950819672133
2009-04-13 00:00:00,0.00022699130434782608
2009-04-15 00:00:00,0.00021573214285714286
2009-04-17 00:00:00,0.0002158434782608696
2009-04-19 00:00:00,0.00022534453781512605
2009-04-21 00:00:00,0.00028298373983739843
2009-04-23 00:00:00,0.0002157875
2009-04-25 00:00:00,0.00021586065573770492
2009-04-27 00:00:00,0.00021593333333333331
2009-04-29 00:00:00,0.00021584552845528454
2009-05-01 00:00:00,0.00021588617886178857
2009-05-03 00:00:00,0.0002309385964912281
2009-05-05 00:00:00,0.00024215151515151513
2009-05-07 00:00:00,0.000216
2009-05-09 00:00:00,0.0002155824175824176
2009-05-11 00:00:00,0.00021884873949579829
2009-05-13 00:00:00,0.0002193391304347826
2009-05-15 00:00:00,0.00021906993006993007
2009-05-17 00:00:00,0.000215952
2009-05-19 00:00:00,0.00021588999999999997
2009-05-21 00:00:00,0.0002159325842696629
2009-05-23 00:00:00,0.00021600000000000002
2009-05-25 00:00:00,0.00021594642857142857
2009-05-27 00:00:00,0.00021570399999999997
2009-05-29 00:00:00,0.0002802056074766355
2009-05-31 00:00:00,0.000216
2009-06-02 00:00:00,0.00021589887640449437
2009-06-04 00:00:00,0.00021597435897435896
2009-06-06 00:00:00,0.00021516666666666665
2009-06-08 00:00:00,0.00021581944444444442
2009-06-10 00:00:00,0.0002159277108433735
2009-06-12 00:00:00,0.00021592307692307693
2009-06-14 00:00:00,0.00021572857142857144
2009-06-16 00:00:00,0.00021584931506849316
2009-06-18 00:00:00,0.00021576543209876544
2009-06-20 00:00:00,0.00021573809523809523
2009-06-22 00:00:00,0.00030187499999999995
2009-06-24 00:00:00,0.00022205882352941176
2009-06-26 00:00:00,0.0002417640449438202
2009-06-28 00:00:00,0.00022043137254901962
2009-06-30 00:00:00,0.0002236551724137931
2009-07-02 00:00:00,0.00021570833333333335
2009-07-04 00:00:00,0.00021589887640449437
2009-07-06 00:00:00,0.000215978021978022
2009-07-08 00:00:00,0.00021594936708860756
2009-07-10 00:00:00,0.00021587804878048784
2009-07-12 00:00:00,0.00021580263157894736
2009-07-14 00:00:00,0.00021594444444444444
2009-07-16 00:00:00,0.00021594202898550725
2009-07-18 00:00:00,0.00021500000000000002
2009-07-20 00:00:00,0.00021583999999999997
2009-07-22 00:00:00,0.00021555072463768114
2009-07-24 00:00:00,0.00021588
2009-07-26 00:00:00,0.0002156153846153846
2009-07-28 00:00:00,0.00021575
2009-07-30 00:00:00,0.0002516428571428571
2009-08-01 00:00:00,0.00021569565217391306
2009-08-03 00:00:00,0.00021553333333333336
2009-08-05 00:00:00,0.0002157692307692308
2009-08-07 00:00:00,0.00021594594594594597
2009-08-09 00:00:00,0.00021596938775510203
2009-08-11 00:00:00,0.00021591044776119402
2009-08-13 00:00:00,0.000215679012345679
2009-08-15 00:00:00,0.0002155
2009-08-17 00:00:00,0.0002158235294117647
2009-08-19 00:00:00,0.00021546666666666668
2009-08-21 00:00:00,0.000215
2009-08-23 00:00:00,0.00021558333333333336
2009-08-25 00:00:00,0.00021552727272727273
2009-08-27 00:00:00,0.00040736666666666663
2009-08-29 00:00:00,0.00021575903614457832
2009-08-31 00:00:00,0.00022357446808510639
2009-09-02 00:00:00,0.00021580882352941177
2009-09-04 00:00:00,0.00021568253968253968
2009-09-06 00:00:00,0.00021581944444444442
2009-09-08 00:00:00,0.00021574242424242425
2009-09-10 00:00:00,0.0002159016393442623
2009-09-12 00:00:00,0.0002158169014084507
2009-09-14 00:00:00,0.0002158888888888889
2009-09-16 00:00:00,0.0002196206896551724
2009-09-18 00:00:00,0.0002157777777777778
2009-09-20 00:00:00,0.0002159746835443038
2009-09-22 00:00:00,0.00024376470588235291
2009-09-24 00:00:00,0.0002155731707317073
2009-09-26 00:00:00,0.0002154787234042553
2009-09-28 00:00:00,0.0002159431818181818
2009-09-30 00:00:00,0.000215816091954023
2009-10-02 00:00:00,0.0002316666666666667
2009-10-04 00:00:00,0.00021559016393442622
2009-10-06 00:00:00,0.0002612682926829268
2009-10-08 00:00:00,0.00021548571428571428
2009-10-10 00:00:00,0.00021577922077922076
2009-10-12 00:00:00,0.00035482258064516126
2009-10-14 00:00:00,0.00021575
2009-10-16 00:00:00,0.00036043076923076927
2009-10-18 00:00:00,0.000228859375
2009-10-20 00:00:00,0.00021553153153153155
2009-10-22 00:00:00,0.0002948837209302326
2009-10-24 00:00:00,0.00021552000000000002
2009-10-26 00:00:00,0.0002158
2009-10-28 00:00:00,0.000215640625
2009-10-30 00:00:00,0.0002742295081967213
2009-11-01 00:00:00,0.00021533333333333333
2009-11-03 00:00:00,0.00021564912280701753
2009-11-05 00:00:00,0.000292921875
2009-11-07 00:00:00,0.00021563157894736846
2009-11-09 00:00:00,0.00021566153846153848
2009-11-11 00:00:00,0.00032307246376811596
2009-11-13 00:00:00,0.0002417285714285714
2009-11-15 00:00:00,0.00021558333333333336
2009-11-17 00:00:00,0.00021568131868131868
2009-11-19 00:00:00,0.00021534246575342466
2009-11-21 00:00:00,0.00021571428571428571
2009-11-23 00:00:00,0.000215875
2009-11-25 00:00:00,0.0002156470588235294
2009-11-27 00:00:00,0.00021550666666666666
2009-11-29 00:00:00,0.00021563793103448274
2009-12-01 00:00:00,0.00021581818181818182
2009-12-03 00:00:00,0.00021577647058823528
2009-12-05 00:00:00,0.0002152115384615385
2009-12-07 00:00:00,0.0002156063829787234
2009-12-09 00:00:00,0.00025618085106382977
2009-12-11 00:00:00,0.000215384
2009-12-13 00:00:00,0.00021565384615384616
2009-12-15 00:00:00,0.00022401724137931036
2009-12-17 00:00:00,0.00022410559006211183
2009-12-19 00:00:00,0.00021653124999999998
2009-12-21 00:00:00,0.00021652406417112303
2009-12-23 00:00:00,0.00021563905325443786
2009-12-25 00:00:00,0.00021722292993630574
2009-12-27 00:00:00,0.00021971597633136094
2009-12-29 00:00:00,0.00021565853658536588
2009-12-31 00:00:00,0.00021563333333333333
2010-01-02 00:00:00,0.00021808461538461537
2010-01-04 00:00:00,0.0002665631578947368
2010-01-06 00:00:00,0.00021572784810126584
2010-01-08 00:00:00,0.00021573333333333334
2010-01-10 00:00:00,0.00021581151832460733
2010-01-12 00:00:00,0.0003654698795180723
2010-01-14 00:00:00,0.0002177088607594937
2010-01-16 00:00:00,0.0002202089552238806
2010-01-18 00:00:00,0.00021551538461538462
2010-01-20 00:00:00,0.00021550714285714284
2010-01-22 00:00:00,0.00021924666666666668
2010-01-24 00:00:00,0.00021988275862068967
2010-01-26 00:00:00,0.0002295940594059406
2010-01-28 00:00:00,0.00024070520231213877
2010-01-30 00:00:00,0.0002266111111111111
2010-02-01 00:00:00,0.0002442290502793296
2010-02-03 00:00:00,0.00022874074074074075
2010-02-05 00:00:00,0.0003463469387755102
2010-02-07 00:00:00,0.00022703381642512078
2010-02-09 00:00:00,0.00021822488038277513
2010-02-11 00:00:00,0.00022657865168539327
2010-02-13 00:00:00,0.00023878125
2010-02-15 00:00:00,0.0002589081081081081
2010-02-17 00:00:00,0.00023477586206896553
2010-02-19 00:00:00,0.00022774860335195534
2010-02-21 00:00:00,0.00023389252336448598
2010-02-23 00:00:00,0.00021633466135458166
2010-02-25 00:00:00,0.0002269054054054054
2010-02-27 00:00:00,0.0002234161849710983
2010-03-01 00:00:00,0.0002282258064516129
2010-03-03 00:00:00,0.0002201283783783784
2010-03-05 00:00:00,0.00046587428571428575
2010-03-07 00:00:00,0.0002948901734104046
2010-03-09 00:00:00,0.0002774864864864865
2010-03-11 00:00:00,0.00028847945205479454
2010-03-13 00:00:00,0.00024358227848101266
2010-03-15 00:00:00,0.00022375806451612902
2010-03-17 00:00:00,0.0002591707317073171
2010-03-19 00:00:00,0.0003710075187969925
2010-03-21 00:00:00,0.0002363977900552486
2010-03-23 00:00:00,0.00025874146341463414
2010-03-25 00:00:00,0.00043233870967741936
2010-03-27 00:00:00,0.00025620114942528737
2010-03-29 00:00:00,0.00026181770833333336
2010-03-31 00:00:00,0.0002286135265700483
2010-04-02 00:00:00,0.0002392837837837838
2010-04-04 00:00:00,0.0002492771084337349
2010-04-06 00:00:00,0.00037864137931034483
2010-04-08 00:00:00,0.0002648666666666667
2010-04-10 00:00:00,0.00043144583333333336
2010-04-12 00:00:00,0.00033895852534562214
2010-04-14 00:00:00,0.00028766499999999994
2010-04-16 00:00:00,0.00031923762376237627
2010-04-18 00:00:00,0.0013091849056603773
2010-04-20 00:00:00,0.0004618341463414634
2010-04-22 00:00:00,0.0003178870056497175
2010-04-24 00:00:00,0.0003931632653061224
2010-04-26 00:00:00,0.00035626470588235297
2010-04-28 00:00:00,0.00032698285714285715
2010-04-30 00:00:00,0.0002729542483660131
2010-05-02 00:00:00,0.0002571705882352941
2010-05-04 00:00:00,0.00032373846153846154
2010-05-06 00:00:00,0.0003404437086092715
2010-05-08 00:00:00,0.0002661824324324325
2010-05-10 00:00:00,0.00031231386861313865
2010-05-12 00:00:00,0.00029509917355371903
2010-05-14 00:00:00,0.00034869166666666674
2010-05-16 00:00:00,0.00029106250000000003
2010-05-18 00:00:00,0.0003207916666666667
2010-05-20 00:00:00,0.00028689071038251365
2010-05-22 00:00:00,0.0003086979166666667
2010-05-24 00:00:00,0.00033242631578947365
2010-05-26 00:00:00,0.0003164622641509434
2010-05-28 00:00:00,0.00028080365296803656
2010-05-30 00:00:00,0.0003431258278145695
2010-06-01 00:00:00,0.0003622631578947368
2010-06-03 00:00:00,0.0003933757961783439
2010-06-05 00:00:00,0.0003044892086330935
2010-06-07 00:00:00,0.0004715448717948718
2010-06-09 00:00:00,0.00029832098765432104
2010-06-11 00:00:00,0.00035545833333333333
2010-06-13 00:00:00,0.00032663975155279503
2010-06-15 00:00:00,0.0003836581632653061
2010-06-17 00:00:00,0.00039874125874125876
2010-06-19 00:00:00,0.0004687025316455697
2010-06-21 00:00:00,0.0003722037037037037
2010-06-23 00:00:00,0.00035748538011695906
2010-06-25 00:00:00,0.00034751315789473687
2010-06-27 00:00:00,0.0003257295597484276
2010-06-29 00:00:00,0.00044680124223602484
2010-07-01 00:00:00,0.0008301826923076923
2010-07-03 00:00:00,0.000621565
2010-07-05 00:00:00,0.00046574999999999996
2010-07-07 00:00:00,0.00043324025974025973
2010-07-09 00:00:00,0.00031892063492063494
2010-07-11 00:00:00,0.00034733898305084747
2010-07-13 00:00:00,0.0006058494623655913
2010-07-15 00:00:00,0.0010153557692307693
2010-07-17 00:00:00,0.0007880928961748635
2010-07-19 00:00:00,0.0009595121951219512
2010-07-21 00:00:00,0.0006613217821782178
2010-07-23 00:00:00,0.0005111752577319588
2010-07-25 00:00:00,0.004262967289719626
2010-07-27 00:00:00,0.0013665428571428572
2010-07-29 00:00:00,0.004709554285714285
2010-07-31 00:00:00,0.0005272962962962963
2010-08-02 00:00:00,0.00043183858267716534
2010-08-04 00:00:00,0.0005245877192982456
2010-08-06 00:00:00,0.0007319813664596274
2010-08-08 00:00:00,0.00048691145833333334
2010-08-10 00:00:00,0.0013738115942028984
2010-08-12 00:00:00,0.0004590412844036697
2010-08-14 00:00:00,0.00043622605363984675
2010-08-16 00:00:00,0.0007546551724137931
2010-08-18 00:00:00,0.0019730601503759396
2010-08-20 00:00:00,0.0006486946107784431
2010-08-22 00:00:00,0.0004906733668341709
2010-08-24 00:00:00,0.0004342243902439025
2010-08-26 00:00:00,0.0004991778846153846
2010-08-28 00:00:00,0.0005455921787709497
2010-08-30 00:00:00,0.0006008791946308725
2010-09-01 00:00:00,0.0008322897727272727
2010-09-03 00:00:00,0.0005302625
2010-09-05 00:00:00,0.0005325864197530864
2010-09-07 00:00:00,0.0005153576158940397
2010-09-09 00:00:00,0.0006658940397350993
2010-09-11 00:00:00,0.00046778395061728394
2010-09-13 00:00:00,0.000844920731707317
2010-09-15 00:00:00,0.0007321117021276596
2010-09-17 00:00:00,0.00043887962962962967
2010-09-19 00:00:00,0.00048389047619047616
2010-09-21 00:00:00,0.001130322033898305
2010-09-23 00:00:00,0.0010093443396226416
2010-09-25 00:00:00,0.0006348168316831684
2010-09-27 00:00:00,0.000836063025210084
2010-09-29 00:00:00,0.002503361581920904
2010-10-01 00:00:00,0.0010720641025641026
2010-10-03 00:00:00,0.0011912396694214876
2010-10-05 00:00:00,0.0009704552845528455
2010-10-07 00:00:00,0.0006869479768786128
2010-10-09 00:00:00,0.0009084901960784312
2010-10-11 00:00:00,0.0006330181818181818
2010-10-13 00:00:00,0.0006748284023668639
2010-10-15 00:00:00,0.000513108108108108
2010-10-17 00:00:00,0.00048612765957446806
2010-10-19 00:00:00,0.0012618683127572016
2010-10-21 00:00:00,0.0008095064377682404
2010-10-23 00:00:00,0.0011054597701149426
2010-10-25 00:00:00,0.0006344380952380952
2010-10-27 00:00:00,0.0009044669811320755
2010-10-29 00:00:00,0.0006314255319148936
2010-10-31 00:00:00,0.0004779395604395604
2010-11-02 00:00:00,0.0004747321428571428
2010-11-04 00:00:00,0.0004859162303664922
2010-11-06 00:00:00,0.0006127029702970297
2010-11-08 00:00:00,0.0008425019157088123
2010-11-10 00:00:00,0.0005256424870466321
2010-11-12 00:00:00,0.0004388304093567252
2010-11-14 00:00:00,0.0005264075630252101
2010-11-16 00:00:00,0.01785658011049724
2010-11-18 00:00:00,0.0004551749049429657
2010-11-20 00:00:00,0.024283
2010-11-22 00:00:00,0.0006892125
2010-11-24 00:00:00,0.0036322702702702705
2010-11-26 00:00:00,0.0019462758620689656
2010-11-28 00:00:00,0.0007802289156626505
2010-11-30 00:00:00,0.0006630095238095237
2010-12-02 00:00:00,0.000816160621761658
2010-12-04 00:00:00,0.0005621369863013699
2010-12-06 00:00:00,0.0004936625
2010-12-08 00:00:00,0.0006901818181818182
2010-12-10 00:00:00,0.0007179466666666667
2010-12-12 00:00:00,0.0009247643678160919
2010-12-14 00:00:00,0.001388564417177914
2010-12-16 00:00:00,0.0007847634408602151
2010-12-18 00:00:00,0.0010795696202531646
2010-12-20 00:00:00,0.0016306100628930814
2010-12-22 00:00:00,0.0012649999999999998
2010-12-24 00:00:00,0.0011135133333333332
2010-12-26 00:00:00,0.0012342925170068027
2010-12-28 00:00:00,0.0011526627218934912
2010-12-30 00:00:00,0.001118775
2011-01-01 00:00:00,0.0010090730337078651
2011-01-03 00:00:00,0.0018724451219512192
2011-01-05 00:00:00,0.0022319533333333332
2011-01-07 00:00:00,0.001660625
2011-01-09 00:00:00,0.0021450065789473684
2011-01-11 00:00:00,0.00229008024691358
2011-01-13 00:00:00,0.0019143027027027028
2011-01-15 00:00:00,0.0016848779069767441
2011-01-17 00:00:00,0.0013647745664739884
2011-01-19 00:00:00,0.0016672316384180792
2011-01-21 00:00:00,0.001820926966292135
2011-01-23 00:00:00,0.0022965823529411764
2011-01-25 00:00:00,0.0019262564102564101
2011-01-27 00:00:00,0.0019316375
2011-01-29 00:00:00,0.002932686666666667
2011-01-31 00:00:00,0.0057580800000000005
2011-02-02 00:00:00,0.0023836543209876542
2011-02-04 00:00:00,0.0015261052631578948
2011-02-06 00:00:00,0.0016691771428571428
2011-02-08 00:00:00,0.0015283313953488367
2011-02-10 00:00:00,0.0033815502645502646
2011-02-12 00:00:00,0.0031310473684210524
2011-02-14 00:00:00,0.0037935806451612902
2011-02-16 00:00:00,0.0025151125541125544
2011-02-18 00:00:00,0.003058527777777778
2011-02-20 00:00:00,0.0026182659574468087
2011-02-22 00:00:00,0.0030175188679245285
2011-02-24 00:00:00,0.002851359813084112
2011-02-26 00:00:00,0.0025103346613545817
2011-02-28 00:00:00,0.003519928143712575
2011-03-02 00:00:00,0.005318633136094674
2011-03-04 00:00:00,0.0035319849246231152
2011-03-06 00:00:00,0.002833351851851852
2011-03-08 00:00:00,0.004458450777202072
2011-03-10 00:00:00,0.004125058823529411
2011-03-12 00:00:00,0.006117627737226278
2011-03-14 00:00:00,0.008058760683760683
2011-03-16 00:00:00,0.006623541095890411
2011-03-18 00:00:00,0.005898978260869565
2011-03-20 00:00:00,0.006207824
2011-03-22 00:00:00,0.005703999999999999
2011-03-24 00:00:00,0.004998342105263159
2011-03-26 00:00:00,0.007498248226950354
2011-03-28 00:00:00,0.007511214723926381
2011-03-30 00:00:00,0.003898391025641026
2011-04-01 00:00:00,0.0033480285714285714
2011-04-03 00:00:00,0.003414125748502994
2011-04-05 00:00:00,0.004062782178217822
2011-04-07 00:00:00,0.004012345679012346
2011-04-09 00:00:00,0.003976704402515724
2011-04-11 00:00:00,0.004956051948051948
2011-04-13 00:00:00,0.004948796019900497
2011-04-15 00:00:00,0.007121814814814815
2011-04-17 00:00:00,0.004774567415730338
2011-04-19 00:00:00,0.00893185815602837
2011-04-21 00:00:00,0.004159236363636364
2011-04-23 00:00:00,0.0048769529411764705
2011-04-25 00:00:00,0.005958856382978724
2011-04-27 00:00:00,0.010131357894736842
2011-04-29 00:00:00,0.006579821782178218
2011-05-01 00:00:00,0.009398030612244897
2011-05-03 00:00:00,0.0060502125603864735
2011-05-05 00:00:00,0.0059795
2011-05-07 00:00:00,0.006439114155251142
2011-05-09 00:00:00,0.006143168674698794
2011-05-11 00:00:00,0.008118673796791443
2011-05-13 00:00:00,0.010048865671641791
2011-05-15 00:00:00,0.008049
2011-05-17 00:00:00,0.007254896153846154
2011-05-19 00:00:00,0.011870309392265193
2011-05-21 00:00:00,0.00932999530516432
2011-05-23 00:00:00,0.00849203610108303
2011-05-25 00:00:00,0.008748256849315069
2011-05-27 00:00:00,0.0108934797979798
2011-05-29 00:00:00,0.011163687861271678
2011-05-31 00:00:00,0.01759930666666667
2011-06-02 00:00:00,0.01616068947368421
2011-06-04 00:00:00,0.017692921296296297
2011-06-06 00:00:00,0.015958724
2011-06-08 00:00:00,0.027564000000000005
2011-06-10 00:00:00,0.020520809734513274
2011-06-12 00:00:00,0.020799126050420173
2011-06-14 00:00:00,0.022939044444444442
2011-06-16 00:00:00,0.02505180597014925
2011-06-18 00:00:00,0.024158049504950495
2011-06-20 00:00:00,0.020048508620689656
2011-06-22 00:00:00,0.01631954814814815
2011-06-24 00:00:00,0.017696625
2011-06-26 00:00:00,0.026421251612903224
2011-06-28 00:00:00,0.03010926797385621
2011-06-30 00:00:00,0.023141292817679557
2011-07-02 00:00:00,0.02525538285714286
2011-07-04 00:00:00,0.02387658536585366
2011-07-06 00:00:00,0.03031153205128205
2011-07-08 00:00:00,0.02337021768707483
2011-07-10 00:00:00,0.02638138194444444
2011-07-12 00:00:00,0.026594458333333335
2011-07-14 00:00:00,0.023966772727272725
2011-07-16 00:00:00,0.021001654088050315
2011-07-18 00:00:00,0.02750938562091503
2011-07-20 00:00:00,0.02679265034965035
2011-07-22 00:00:00,0.024754594405594407
2011-07-24 00:00:00,0.019371176136363636
2011-07-26 00:00:00,0.022624502958579883
2011-07-28 00:00:00,0.02202926347305389
2011-07-30 00:00:00,0.018522480263157896
2011-08-01 00:00:00,0.019978394285714286
2011-08-03 00:00:00,0.022020408805031446
2011-08-05 00:00:00,0.02276708695652174
2011-08-07 00:00:00,0.02224772093023256
2011-08-09 00:00:00,0.02916770676691729
2011-08-11 00:00:00,0.024268837037037035
2011-08-13 00:00:00,0.0236843828125
2011-08-15 00:00:00,0.02662483216783217
2011-08-17 00:00:00,0.027774682170542637
2011-08-19 00:00:00,0.026223103703703707
2011-08-21 00:00:00,0.021008620689655172
2011-08-23 00:00:00,0.019418964705882356
2011-08-25 00:00:00,0.0235672265625
2011-08-27 00:00:00,0.025984335877862592
2011-08-29 00:00:00,0.026202248
2011-08-31 00:00:00,0.019809781456953644
2011-09-02 00:00:00,0.017829166666666667
2011-09-04 00:00:00,0.04029912698412698
2011-09-06 00:00:00,0.022647146666666666
2011-09-08 00:00:00,0.022094103999999996
2011-09-10 00:00:00,0.022786230769230767
2011-09-12 00:00:00,0.023326784615384615
2011-09-14 00:00:00,0.018358052631578945
2011-09-16 00:00:00,0.021916531746031746
2011-09-18 00:00:00,0.014141017964071858
2011-09-20 00:00:00,0.027390705035971224
2011-09-22 00:00:00,0.019453046666666664
2011-09-24 00:00:00,0.022170790322580642
2011-09-26 00:00:00,0.01924894890510949
2011-09-28 00:00:00,0.01778377443609023
2011-09-30 00:00:00,0.019116146341463414
2011-10-02 00:00:00,0.015756984732824428
2011-10-04 00:00:00,0.018359576923076923
2011-10-06 00:00:00,0.020061834586466168
2011-10-08 00:00:00,0.01832629457364341
2011-10-10 00:00:00,0.01937181355932203
2011-10-12 00:00:00,0.02379695798319328
2011-10-14 00:00:00,0.01910430827067669
2011-10-16 00:00:00,0.016843869918699187
2011-10-18 00:00:00,0.019139629921259844
2011-10-20 00:00:00,0.017868922330097087
2011-10-22 00:00:00,0.02065013829787234
2011-10-24 00:00:00,0.019223544715447155
2011-10-26 00:00:00,0.020281385321100912
2011-10-28 00:00:00,0.021874529411764706
2011-10-30 00:00:00,0.020380670103092784
2011-11-01 00:00:00,0.015826993150684934
2011-11-03 00:00:00,0.017490795275590554
2011-11-05 00:00:00,0.018949006666666667
2011-11-07 00:00:00,0.017366549618320612
2011-11-09 00:00:00,0.017309130177514793
2011-11-11 00:00:00,0.019011180327868853
2011-11-13 00:00:00,0.01364825850340136
2011-11-15 00:00:00,0.016818179190751445
2011-11-17 00:00:00,0.01742678620689655
2011-11-19 00:00:00,0.016742899224806203
2011-11-21 00:00:00,0.015168733333333332
2011-11-23 00:00:00,0.017405580152671754
2011-11-25 00:00:00,0.017192423076923074
2011-11-27 00:00:00,0.017309780701754388
2011-11-29 00:00:00,0.021743237410071944
2011-12-01 00:00:00,0.0186013027027027
2011-12-03 00:00:00,0.01690016
2011-12-05 00:00:00,0.017047037499999997
2011-12-07 00:00:00,0.021510707482993198
2011-12-09 00:00:00,0.01611737748344371
2011-12-11 00:00:00,0.016941310344827584
2011-12-13 00:00:00,0.019533682170542632
2011-12-15 00:00:00,0.017576300813008133
2011-12-17 00:00:00,0.014085417808219178
2011-12-19 00:00:00,0.016219185430463575
2011-12-21 00:00:00,0.01657312258064516
2011-12-23 00:00:00,0.016395638157894736
2011-12-25 00:00:00,0.01255106896551724
2011-12-27 00:00:00,0.015143666666666665
2011-12-29 00:00:00,0.015615585714285712
2011-12-31 00:00:00,0.015430602484472053
2012-01-02 00:00:00,0.019842394736842104
2012-01-04 00:00:00,0.01740227922077922
2012-01-06 00:00:00,0.021417723529411764
2012-01-08 00:00:00,0.020151291925465838
2012-01-10 00:00:00,0.02460977397260274
2012-01-12 00:00:00,0.022472060240963855
2012-01-14 00:00:00,0.017763374999999998
2012-01-16 00:00:00,0.021255917721518986
2012-01-18 00:00:00,0.02433988732394366
2012-01-20 00:00:00,0.022361297101449275
2012-01-22 00:00:00,0.01803939230769231
2012-01-24 00:00:00,0.022802244444444446
2012-01-26 00:00:00,0.022866915384615383
2012-01-28 00:00:00,0.01752823870967742
2012-01-30 00:00:00,0.016118530120481925
2012-02-01 00:00:00,0.02469485185185185
2012-02-03 00:00:00,0.0208661375
2012-02-05 00:00:00,0.021651330882352944
2012-02-07 00:00:00,0.019984384615384616
2012-02-09 00:00:00,0.02385023611111111
2012-02-11 00:00:00,0.025436652173913044
2012-02-13 00:00:00,0.02361931292517007
2012-02-15 00:00:00,0.028757084507042254
2012-02-17 00:00:00,0.022159654929577464
2012-02-19 00:00:00,0.015993114649681527
2012-02-21 00:00:00,0.0210746171875
2012-02-23 00:00:00,0.021287142857142855
2012-02-25 00:00:00,0.01898046107784431
2012-02-27 00:00:00,0.019143126582278482
2012-02-29 00:00:00,0.016198397849462365
2012-03-02 00:00:00,0.027885060150375944
2012-03-04 00:00:00,0.02031628461538462
2012-03-06 00:00:00,0.023279182432432433
2012-03-08 00:00:00,0.019718878205128205
2012-03-10 00:00:00,0.020388
2012-03-12 00:00:00,0.016077603550295857
2012-03-14 00:00:00,0.029470297101449272
2012-03-16 00:00:00,0.020456272727272726
2012-03-18 00:00:00,0.016156294871794874
2012-03-20 00:00:00,0.020033925675675676
2012-03-22 00:00:00,0.019436288461538463
2012-03-24 00:00:00,0.01650963953488372
2012-03-26 00:00:00,0.02053421052631579
2012-03-28 00:00:00,0.02129040251572327
2012-03-30 00:00:00,0.02165878666666667
2012-04-01 00:00:00,0.017341166666666668
2012-04-03 00:00:00,0.0278548046875
2012-04-05 00:00:00,0.029146084033613445
2012-04-07 00:00:00,0.02170009090909091
2012-04-09 00:00:00,0.018034675496688742
2012-04-11 00:00:00,0.023685895104895105
2012-04-13 00:00:00,0.027611055555555555
2012-04-15 00:00:00,0.026553307692307692
2012-04-17 00:00:00,0.02937719718309859
2012-04-19 00:00:00,0.024548089743589744
2012-04-21 00:00:00,0.02828443537414966
2012-04-23 00:00:00,0.022038993243243245
2012-04-25 00:00:00,0.026043753623188403
2012-04-27 00:00:00,0.0266830873015873
2012-04-29 00:00:00,0.020656409638554217
2012-05-01 00:00:00,0.025536994413407822
2012-05-03 00:00:00,0.033234385542168676
2012-05-05 00:00:00,0.038109833333333336
2012-05-07 00:00:00,0.042567374269005843
2012-05-09 00:00:00,0.05234838414634147
2012-05-11 00:00:00,0.05177392682926829
2012-05-13 00:00:00,0.04674342424242424
2012-05-15 00:00:00,0.07240335114503817
2012-05-17 00:00:00,0.06037187288135593
2012-05-19 00:00:00,0.11609309589041095
2012-05-21 00:00:00,0.09810845454545455
2012-05-23 00:00:00,0.09783986776859503
2012-05-25 00:00:00,0.11137464655172415
2012-05-27 00:00:00,0.061058396341463414
2012-05-29 00:00:00,0.10311786029411765
2012-05-31 00:00:00,0.06389756164383562
2012-06-02 00:00:00,0.051931141025641024
2012-06-04 00:00:00,0.1288014701986755
2012-06-06 00:00:00,0.048375467455621296
2012-06-08 00:00:00,0.07994166891891892
2012-06-10 00:00:00,0.09730068235294119
2012-06-12 00:00:00,0.07266473571428572
2012-06-14 00:00:00,0.17527568493150686
2012-06-16 00:00:00,0.13933396250000002
2012-06-18 00:00:00,0.11069065605095542
2012-06-20 00:00:00,0.11834370588235296
2012-06-22 00:00:00,0.08656390780141844
2012-06-24 00:00:00,0.07141586428571428
2012-06-26 00:00:00,0.0960080472972973
2012-06-28 00:00:00,0.08969632592592593
2012-06-30 00:00:00,0.07026855633802817
2012-07-02 00:00:00,0.061912472049689436
2012-07-04 00:00:00,0.061161094339622635
2012-07-06 00:00:00,0.06369750980392157
2012-07-08 00:00:00,0.06128231168831169
2012-07-10 00:00:00,0.09672554304635762
2012-07-12 00:00:00,0.07875109933774835
2012-07-14 00:00:00,0.07751008053691275
2012-07-16 00:00:00,0.0932885472972973
2012-07-18 00:00:00,0.09295503311258277
2012-07-20 00:00:00,0.11505281294964029
2012-07-22 00:00:00,0.08763274820143885
2012-07-24 00:00:00,0.08218796894409938
2012-07-26 00:00:00,0.07397096629213484
2012-07-28 00:00:00,0.0795506
2012-07-30 00:00:00,0.09237654594594594
2012-08-01 00:00:00,0.11138424113475177
2012-08-03 00:00:00,0.07575944508670521
2012-08-05 00:00:00,0.09226450344827586
2012-08-07 00:00:00,0.07645003355704698
2012-08-09 00:00:00,0.08597940251572328
2012-08-11 00:00:00,0.07547549367088609
2012-08-13 00:00:00,0.13397562745098038
2012-08-15 00:00:00,0.12767870175438598
2012-08-17 00:00:00,0.11736754545454546
2012-08-19 00:00:00,0.10849409493670886
2012-08-21 00:00:00,0.09025030386740332
2012-08-23 00:00:00,0.07941390303030303
2012-08-25 00:00:00,0.10894741984732824
2012-08-27 00:00:00,0.08852046308724833
2012-08-29 00:00:00,0.08297471686746988
2012-08-31 00:00:00,0.1192192097902098
2012-09-02 00:00:00,0.08512954248366013
2012-09-04 00:00:00,0.1279566875
2012-09-06 00:00:00,0.10025918279569893
2012-09-08 00:00:00,0.10125717857142857
2012-09-10 00:00:00,0.09447336805555556
2012-09-12 00:00:00,0.09469055319148936
2012-09-14 00:00:00,0.09762870987654321
2012-09-16 00:00:00,0.08277530666666667
2012-09-18 00:00:00,0.08029376646706586
2012-09-20 00:00:00,0.09541721768707484
2012-09-22 00:00:00,0.06980266279069768
2012-09-24 00:00:00,0.0904439294871795
2012-09-26 00:00:00,0.09543202097902098
2012-09-28 00:00:00,0.08300978048780487
2012-09-30 00:00:00,0.06737499342105263
2012-10-02 00:00:00,0.09784568382352943
2012-10-04 00:00:00,0.10900267164179105
2012-10-06 00:00:00,0.1123894014084507
2012-10-08 00:00:00,0.10643061445783132
2012-10-10 00:00:00,0.09645710067114094
2012-10-12 00:00:00,0.07502459602649006
2012-10-14 00:00:00,0.09003223188405797
2012-10-16 00:00:00,0.10582838157894736
2012-10-18 00:00:00,0.09043309032258065
2012-10-20 00:00:00,0.09831283333333334
2012-10-22 00:00:00,0.09582027108433736
2012-10-24 00:00:00,0.10289462820512821
2012-10-26 00:00:00,0.06815237267080745
2012-10-28 00:00:00,0.05284302366863905
2012-10-30 00:00:00,0.0935076577181208
2012-11-01 00:00:00,0.09015937777777779
2012-11-03 00:00:00,0.08119796503496503
2012-11-05 00:00:00,0.10293996078431374
2012-11-07 00:00:00,0.10958393630573247
2012-11-09 00:00:00,0.08746862068965518
2012-11-11 00:00:00,0.07717553787878789
2012-11-13 00:00:00,0.08377240441176471
2012-11-15 00:00:00,0.12102678676470588
2012-11-17 00:00:00,0.12328252482269504
2012-11-19 00:00:00,0.12583005691056912
2012-11-21 00:00:00,0.12599308441558443
2012-11-23 00:00:00,0.10709039310344828
2012-11-25 00:00:00,0.11214995035460995
2012-11-27 00:00:00,0.09233530921052631
2012-11-29 00:00:00,0.11179643636363636
2012-12-01 00:00:00,0.10461532500000001
2012-12-03 00:00:00,0.07144214
2012-12-05 00:00:00,0.135177725
2012-12-07 00:00:00,0.11974195161290323
2012-12-09 00:00:00,0.11378053846153845
2012-12-11 00:00:00,0.11580742068965519
2012-12-13 00:00:00,0.13806563970588237
2012-12-15 00:00:00,0.12830498305084745
2012-12-17 00:00:00,0.1407398968253968
2012-12-19 00:00:00,0.15077155244755244
2012-12-21 00:00:00,0.15583961983471076
2012-12-23 00:00:00,0.12351102898550725
2012-12-25 00:00:00,0.10387349593495936
2012-12-27 00:00:00,0.12399588198757763
2012-12-29 00:00:00,0.13455169402985076
2012-12-31 00:00:00,0.09385293452380952
2013-01-02 00:00:00,0.11025617307692308
2013-01-04 00:00:00,0.15786246099290782
2013-01-06 00:00:00,0.10497364084507042
2013-01-08 00:00:00,0.11702113194444445
2013-01-10 00:00:00,0.15916001369863014
2013-01-12 00:00:00,0.1707035714285714
2013-01-14 00:00:00,0.13208025974025975
2013-01-16 00:00:00,0.18548447967479675
2013-01-18 00:00:00,0.192362024
2013-01-20 00:00:00,0.13931820454545452
2013-01-22 00:00:00,0.1427597890625
2013-01-24 00:00:00,0.1583405608108108
2013-01-26 00:00:00,0.16196534666666668
2013-01-28 00:00:00,0.1634842635135135
2013-01-30 00:00:00,0.14584491724137932
2013-02-01 00:00:00,0.16609904575163398
2013-02-03 00:00:00,0.1567544606060606
2013-02-05 00:00:00,0.13777827906976745
2013-02-07 00:00:00,0.17433307432432432
2013-02-09 00:00:00,0.16621247794117647
2013-02-11 00:00:00,0.1686173962264151
2013-02-13 00:00:00,0.1667363949044586
2013-02-15 00:00:00,0.1549626590909091
2013-02-17 00:00:00,0.12625443010752688
2013-02-19 00:00:00,0.1534995060240964
2013-02-21 00:00:00,0.13930684263959392
2013-02-23 00:00:00,0.1711520061728395
2013-02-25 00:00:00,0.15300074871794872
2013-02-27 00:00:00,0.14220652709359605
2013-03-01 00:00:00,0.19408612658227847
2013-03-03 00:00:00,0.15097415789473684
2013-03-05 00:00:00,0.17958524
2013-03-07 00:00:00,0.19969403289473683
2013-03-09 00:00:00,0.13115388235294118
2013-03-11 00:00:00,0.17365202150537634
2013-03-13 00:00:00,0.17421815584415587
2013-03-15 00:00:00,0.16744129411764705
2013-03-17 00:00:00,0.07950397044334977
2013-03-19 00:00:00,0.12148359898477158
2013-03-21 00:00:00,0.11802430941704035
2013-03-23 00:00:00,0.14040899523809525
2013-03-25 00:00:00,0.18186644117647058
2013-03-27 00:00:00,0.19213085714285716
2013-03-29 00:00:00,0.18204387362637361
2013-03-31 00:00:00,0.18608224203821658
2013-04-02 00:00:00,0.17478256571428571
2013-04-04 00:00:00,0.22002458750000004
2013-04-06 00:00:00,0.16458307738095238
2013-04-08 00:00:00,0.1865556449704142
2013-04-10 00:00:00,0.18228690217391305
2013-04-12 00:00:00,0.17369300578034683
2013-04-14 00:00:00,0.15921315950920248
2013-04-16 00:00:00,0.1713506994535519
2013-04-18 00:00:00,0.1500815828220859
2013-04-20 00:00:00,0.15883228965517243
2013-04-22 00:00:00,0.13989025308641978
2013-04-24 00:00:00,0.20045084
2013-04-26 00:00:00,0.15905522093023255
2013-04-28 00:00:00,0.12653906586826347
2013-04-30 00:00:00,0.18553886577181208
2013-05-02 00:00:00,0.1899492777777778
2013-05-04 00:00:00,0.15648173376623378
2013-05-06 00:00:00,0.160475509202454
2013-05-08 00:00:00,0.1539793374233129
2013-05-10 00:00:00,0.1961901017964072
2013-05-12 00:00:00,0.18125398876404494
2013-05-14 00:00:00,0.2010623537414966
2013-05-16 00:00:00,0.20904111034482759
2013-05-18 00:00:00,0.16672119047619047
2013-05-20 00:00:00,0.16663236956521738
2013-05-22 00:00:00,0.15796862650602408
2013-05-24 00:00:00,0.1622377777777778
2013-05-26 00:00:00,0.13264750310559006
2013-05-28 00:00:00,0.16039016049382715
2013-05-30 00:00:00,0.165432449704142
2013-06-01 00:00:00,0.12830812626262625
2013-06-03 00:00:00,0.122037995215311
2013-06-05 00:00:00,0.1332701188118812
2013-06-07 00:00:00,0.16185280745341615
2013-06-09 00:00:00,0.13046256886227545
2013-06-11 00:00:00,0.1308237159090909
2013-06-13 00:00:00,0.10450114507772021
2013-06-15 00:00:00,0.10965956818181817
2013-06-17 00:00:00,0.12733247402597403
2013-06-19 00:00:00,0.171229704
2013-06-21 00:00:00,0.1469348612716763
2013-06-23 00:00:00,0.10424643181818181
2013-06-25 00:00:00,0.13901166891891892
2013-06-27 00:00:00,0.13153675301204817
2013-06-29 00:00:00,0.11625493788819875
2013-07-01 00:00:00,0.10322698692810457
2013-07-03 00:00:00,0.09049547428571428
2013-07-05 00:00:00,0.09309137288135594
2013-07-07 00:00:00,0.07559234759358288
2013-07-09 00:00:00,0.09615396517412936
2013-07-11 00:00:00,0.09915258854166666
2013-07-13 00:00:00,0.12910203311258278
2013-07-15 00:00:00,0.10244169005847953
2013-07-17 00:00:00,0.1067130473372781
2013-07-19 00:00:00,0.1004412071005917
2013-07-21 00:00:00,0.08969970769230769
2013-07-23 00:00:00,0.12710779310344827
2013-07-25 00:00:00,0.14551594160583944
2013-07-27 00:00:00,0.1004090909090909
2013-07-29 00:00:00,0.12585692168674698
2013-07-31 00:00:00,0.12715113065326633
2013-08-02 00:00:00,0.12824814210526314
2013-08-04 00:00:00,0.1221223567251462
2013-08-06 00:00:00,0.12381573015873015
2013-08-08 00:00:00,0.12540204455445544
2013-08-10 00:00:00,0.1190998391959799
2013-08-12 00:00:00,0.1081721135371179
2013-08-14 00:00:00,0.15285920129870129
2013-08-16 00:00:00,0.17348877325581394
2013-08-18 00:00:00,0.11993731472081218
2013-08-20 00:00:00,0.1681457955801105
2013-08-22 00:00:00,0.12960484615384615
2013-08-24 00:00:00,0.13094671505376346
2013-08-26 00:00:00,0.15509965030674847
2013-08-28 00:00:00,0.1712067005988024
2013-08-30 00:00:00,0.14291144845360823
2013-09-01 00:00:00,0.09551590990990991
2013-09-03 00:00:00,0.134384427027027
2013-09-05 00:00:00,0.15836179141104295
2013-09-07 00:00:00,0.14768278527607365
2013-09-09 00:00:00,0.1260532383419689
2013-09-11 00:00:00,0.10927016915422887
2013-09-13 00:00:00,0.10533902380952381
2013-09-15 00:00:00,0.12021524590163933
2013-09-17 00:00:00,0.17492405649717513
2013-09-19 00:00:00,0.13341154871794872
2013-09-21 00:00:00,0.12837260427807487
2013-09-23 00:00:00,0.12167521719457014
2013-09-25 00:00:00,0.11869881775700933
2013-09-27 00:00:00,0.1313944375
2013-09-29 00:00:00,0.11571605952380952
2013-10-01 00:00:00,0.12703807653061225
2013-10-03 00:00:00,0.14625411057692309
2013-10-05 00:00:00,0.10562760663507109
2013-10-07 00:00:00,0.13687234640522877
2013-10-09 00:00:00,0.12155914754098361
2013-10-11 00:00:00,0.13658422033898304
2013-10-13 00:00:00,0.11123013100436682
2013-10-15 00:00:00,0.10741741129032258
2013-10-17 00:00:00,0.12307298882681565
2013-10-19 00:00:00,0.1271253607305936
2013-10-21 00:00:00,0.14094571144278606
2013-10-23 00:00:00,0.13343452132701422
2013-10-25 00:00:00,0.1294892875
2013-10-27 00:00:00,0.11872217514124295
2013-10-29 00:00:00,0.15362644585987262
2013-10-31 00:00:00,0.1267154880382775
2013-11-02 00:00:00,0.1019446129032258
2013-11-04 00:00:00,0.11208315500000002
2013-11-06 00:00:00,0.1916326111111111
2013-11-08 00:00:00,0.2318914887218045
2013-11-10 00:00:00,0.18308116666666666
2013-11-12 00:00:00,0.14955839153439152
2013-11-14 00:00:00,0.20359579881656803
2013-11-16 00:00:00,0.12845676020408164
2013-11-18 00:00:00,0.23399581707317071
2013-11-20 00:00:00,0.23847401226993867
2013-11-22 00:00:00,0.23695682530120477
2013-11-24 00:00:00,0.17617976744186045
2013-11-26 00:00:00,0.23532400609756102
2013-11-28 00:00:00,0.25893831868131867
2013-11-30 00:00:00,0.24467779374999998
2013-12-02 00:00:00,0.22158814110429448
2013-12-04 00:00:00,0.21628429943502828
2013-12-06 00:00:00,0.1675818909952607
2013-12-08 00:00:00,0.13633906703910617
2013-12-10 00:00:00,0.18037604477611938
2013-12-12 00:00:00,0.17024469277108434
2013-12-14 00:00:00,0.16724517000000003
2013-12-16 00:00:00,0.17435630051813475
2013-12-18 00:00:00,0.19299062380952386
2013-12-20 00:00:00,0.16401435643564358
2013-12-22 00:00:00,0.15421332530120482
2013-12-24 00:00:00,0.17879269277108434
2013-12-26 00:00:00,0.15515048603351955
2013-12-28 00:00:00,0.15492043902439023
2013-12-30 00:00:00,0.1761770824742268
2014-01-01 00:00:00,0.102705585
2014-01-03 00:00:00,0.19916688957055217
2014-01-05 00:00:00,0.16722977777777778
2014-01-07 00:00:00,0.17420701604278074
2014-01-09 00:00:00,0.15684529834254143
2014-01-11 00:00:00,0.14248666666666668
2014-01-13 00:00:00,0.13576040886699509
2014-01-15 00:00:00,0.17859304093567252
2014-01-17 00:00:00,0.19585339869281046
2014-01-19 00:00:00,0.13830722282608693
2014-01-21 00:00:00,0.21448633720930232
2014-01-23 00:00:00,0.18491128651685393
2014-01-25 00:00:00,0.17926292258064516
2014-01-27 00:00:00,0.19369513043478262
2014-01-29 00:00:00,0.18736758860759495
2014-01-31 00:00:00,0.16946076630434784
2014-02-02 00:00:00,0.16181866853932586
2014-02-04 00:00:00,0.21382486390532546
2014-02-06 00:00:00,0.22916482035928143
2014-02-08 00:00:00,0.19567234285714286
2014-02-10 00:00:00,0.22125149673202613
2014-02-12 00:00:00,0.25535424550898206
2014-02-14 00:00:00,0.22558003664921464
2014-02-16 00:00:00,0.14908004663212437
2014-02-18 00:00:00,0.23597209580838321
2014-02-20 00:00:00,0.23919392397660819
2014-02-22 00:00:00,0.2010623475609756
2014-02-24 00:00:00,0.21527021428571427
2014-02-26 00:00:00,0.2320519723756906
2014-02-28 00:00:00,0.20926618085106383
2014-03-02 00:00:00,0.23345200000000002
2014-03-04 00:00:00,0.38338315107913673
2014-03-06 00:00:00,0.26289545679012344
2014-03-08 00:00:00,0.2200515942857143
2014-03-10 00:00:00,0.23874853333333335
2014-03-12 00:00:00,0.25821191071428573
2014-03-14 00:00:00,0.2825006834532374
2014-03-16 00:00:00,0.17953003164556963
2014-03-18 00:00:00,0.19120133103448275
2014-03-20 00:00:00,0.22514571856287424
2014-03-22 00:00:00,0.24233118181818183
2014-03-24 00:00:00,0.1883171859296483
2014-03-26 00:00:00,0.24519589240506331
2014-03-28 00:00:00,0.2186192513661202
2014-03-30 00:00:00,0.21974581879194635
2014-04-01 00:00:00,0.20962783240223465
2014-04-03 00:00:00,0.17656841346153848
2014-04-05 00:00:00,0.19508608379888268
2014-04-07 00:00:00,0.23581621232876712
2014-04-09 00:00:00,0.2563356896551724
2014-04-11 00:00:00,0.25672512751677856
2014-04-13 00:00:00,0.14314638190954773
2014-04-15 00:00:00,0.22657596923076923
2014-04-17 00:00:00,0.22999248850574713
2014-04-19 00:00:00,0.19751582822085892
2014-04-21 00:00:00,0.1885408813559322
2014-04-23 00:00:00,0.22579502857142855
2014-04-25 00:00:00,0.2714146646341463
2014-04-27 00:00:00,0.1873025389221557
2014-04-29 00:00:00,0.2352778734177215
2014-05-01 00:00:00,0.214350630952381
2014-05-03 00:00:00,0.20870952777777776
2014-05-05 00:00:00,0.277194016
2014-05-07 00:00:00,0.24138139877300613
2014-05-09 00:00:00,0.23220571686746988
2014-05-11 00:00:00,0.1864007168674699
2014-05-13 00:00:00,0.23240383529411768
2014-05-15 00:00:00,0.2503150120481928
2014-05-17 00:00:00,0.18561433333333335
2014-05-19 00:00:00,0.21932396610169488
2014-05-21 00:00:00,0.2501186797752809
2014-05-23 00:00:00,0.27197686708860763
2014-05-25 00:00:00,0.2199706556291391
2014-05-27 00:00:00,0.3045813875968993
2014-05-29 00:00:00,0.2937872900763359
2014-05-31 00:00:00,0.21103693421052636
2014-06-02 00:00:00,0.20385369273743018
2014-06-04 00:00:00,0.20797131147540984
2014-06-06 00:00:00,0.2648223040540541
2014-06-08 00:00:00,0.1981356
2014-06-10 00:00:00,0.2279069265536723
2014-06-12 00:00:00,0.23994681290322578
2014-06-14 00:00:00,0.19493966477272728
2014-06-16 00:00:00,0.19220381773399015
2014-06-18 00:00:00,0.2275346823529412
2014-06-20 00:00:00,0.1964764486486486
2014-06-22 00:00:00,0.1676220207253886
2014-06-24 00:00:00,0.19153230303030305
2014-06-26 00:00:00,0.21444237426900584
2014-06-28 00:00:00,0.1788863155080214
2014-06-30 00:00:00,0.30002941600000005
2014-07-02 00:00:00,0.2912067985611511
2014-07-04 00:00:00,0.21581675624999996
2014-07-06 00:00:00,0.22281622147651003
2014-07-08 00:00:00,0.2651297654320987
2014-07-10 00:00:00,0.24393443506493506
2014-07-12 00:00:00,0.19394340606060606
2014-07-14 00:00:00,0.235219475862069
2014-07-16 00:00:00,0.23521162424242423
2014-07-18 00:00:00,0.2377469119496855
2014-07-20 00:00:00,0.20071631176470592
2014-07-22 00:00:00,0.2744007552447552
2014-07-24 00:00:00,0.249841355704698
2014-07-26 00:00:00,0.2347276285714286
2014-07-28 00:00:00,0.2681597720588235
2014-07-30 00:00:00,0.21952504
2014-08-01 00:00:00,0.25848339869281045
2014-08-03 00:00:00,0.2008404802631579
2014-08-05 00:00:00,0.32230699242424243
2014-08-07 00:00:00,0.26064874522292997
2014-08-09 00:00:00,0.2085709248554913
2014-08-11 00:00:00,0.23661537912087913
2014-08-13 00:00:00,0.28962815923566876
2014-08-15 00:00:00,0.2459262392638037
2014-08-17 00:00:00,0.21933484242424242
2014-08-19 00:00:00,0.2033015922330097
2014-08-21 00:00:00,0.2581583690476191
2014-08-23 00:00:00,0.2136957770700637
2014-08-25 00:00:00,0.2871075820895522
2014-08-27 00:00:00,0.25706149068322987
2014-08-29 00:00:00,0.22174999397590361
2014-08-31 00:00:00,0.17727686666666667
2014-09-02 00:00:00,0.28699606993006993
2014-09-04 00:00:00,0.23735541916167668
2014-09-06 00:00:00,0.22766595833333333
2014-09-08 00:00:00,0.26680685620915034
2014-09-10 00:00:00,0.36472108974358974
2014-09-12 00:00:00,0.22942321739130433
2014-09-14 00:00:00,0.2359177882352941
2014-09-16 00:00:00,0.3126716804733728
2014-09-18 00:00:00,0.23847623243243246
2014-09-20 00:00:00,0.2066916994219653
2014-09-22 00:00:00,0.26135016560509555
2014-09-24 00:00:00,0.29728323312883437
2014-09-26 00:00:00,0.27990825165562916
2014-09-28 00:00:00,0.3187571007194245
2014-09-30 00:00:00,0.30426276315789474
2014-10-02 00:00:00,0.29018352702702704
2014-10-04 00:00:00,0.31657616083916085
2014-10-06 00:00:00,0.27906125000000004
2014-10-08 00:00:00,0.34823877862595415
2014-10-10 00:00:00,0.2851023836477988
2014-10-12 00:00:00,0.2804376351351351
2014-10-14 00:00:00,0.34700211428571437
2014-10-16 00:00:00,0.2861483533333333
2014-10-18 00:00:00,0.23405530177514794
2014-10-20 00:00:00,0.3232521449275363
2014-10-22 00:00:00,0.2684983391812865
2014-10-24 00:00:00,0.27820635582822084
2014-10-26 00:00:00,0.30616796153846154
2014-10-28 00:00:00,0.3368810266666667
2014-10-30 00:00:00,0.29245154335260115
2014-11-01 00:00:00,0.25282597500000004
2014-11-03 00:00:00,0.3155498516129032
2014-11-05 00:00:00,0.30680300000000005
2014-11-07 00:00:00,0.3686643958333333
2014-11-09 00:00:00,0.33791396402877694
2014-11-11 00:00:00,0.34417353191489364
2014-11-13 00:00:00,0.4004607328767123
2014-11-15 00:00:00,0.27871554
2014-11-17 00:00:00,0.3440370526315789
2014-11-19 00:00:00,0.35657591240875913
2014-11-21 00:00:00,0.3899876290322581
2014-11-23 00:00:00,0.3211207872340426
2014-11-25 00:00:00,0.37581336718749997
2014-11-27 00:00:00,0.3612495572519084
2014-11-29 00:00:00,0.30224845033112585
2014-12-01 00:00:00,0.40829060839160836
2014-12-03 00:00:00,0.465200479338843
2014-12-05 00:00:00,0.3471060266666667
2014-12-07 00:00:00,0.36625945901639345
2014-12-09 00:00:00,0.3687179496402878
2014-12-11 00:00:00,0.34112746896551727
2014-12-13 00:00:00,0.30669722377622377
2014-12-15 00:00:00,0.41009149019607843
2014-12-17 00:00:00,0.43823379527559064
2014-12-19 00:00:00,0.4088029677419355
2014-12-21 00:00:00,0.32326831724137933
2014-12-23 00:00:00,0.35747715432098764
2014-12-25 00:00:00,0.23493749112426035
2014-12-27 00:00:00,0.2845763625
2014-12-29 00:00:00,0.27902982840236684
2014-12-31 00:00:00,0.2873413548387097
2015-01-02 00:00:00,0.25239609375
2015-01-04 00:00:00,0.2960364277108434
2015-01-06 00:00:00,0.3143204585987261
2015-01-08 00:00:00,0.39052572592592594
2015-01-10 00:00:00,0.4182098368794327
2015-01-12 00:00:00,0.34244843902439026
2015-01-14 00:00:00,0.41761009933774834
2015-01-16 00:00:00,0.4008790201342282
2015-01-18 00:00:00,0.3461123087248322
2015-01-20 00:00:00,0.441115075
2015-01-22 00:00:00,0.35690779333333333
2015-01-24 00:00:00,0.3992117520661157
2015-01-26 00:00:00,0.5219264251968504
2015-01-28 00:00:00,0.2997022088607595
2015-01-30 00:00:00,0.3278440431654676
2015-02-01 00:00:00,0.2644935588235294
2015-02-03 00:00:00,0.3909754148148148
2015-02-05 00:00:00,0.3318097755102041
2015-02-07 00:00:00,0.27361087209302326
2015-02-09 00:00:00,0.3681829935483871
2015-02-11 00:00:00,0.37979545333333337
2015-02-13 00:00:00,0.48198740000000007
2015-02-15 00:00:00,0.4622633880597015
2015-02-17 00:00:00,0.40365212903225806
2015-02-19 00:00:00,0.32233433536585365
2015-02-21 00:00:00,0.4382493623188406
2015-02-23 00:00:00,0.4267434452554744
2015-02-25 00:00:00,0.3569967500000001
2015-02-27 00:00:00,0.35955803797468355
2015-03-01 00:00:00,0.39883224
2015-03-03 00:00:00,0.40184929220779214
2015-03-05 00:00:00,0.4732540701754386
2015-03-07 00:00:00,0.39519382978723405
2015-03-09 00:00:00,0.4353763939393939
2015-03-11 00:00:00,0.37312548192771083
2015-03-13 00:00:00,0.39357803597122304
2015-03-15 00:00:00,0.33737155102040817
2015-03-17 00:00:00,0.39392073426573426
2015-03-19 00:00:00,0.432512986013986
2015-03-21 00:00:00,0.3912156993006993
2015-03-23 00:00:00,0.41236225
2015-03-25 00:00:00,0.2984490060240964
2015-03-27 00:00:00,0.32643102325581397
2015-03-29 00:00:00,0.33959340397350996
2015-03-31 00:00:00,0.3785118523489933
2015-04-02 00:00:00,0.42140617687074833
2015-04-04 00:00:00,0.3826890909090909
2015-04-06 00:00:00,0.43444642635658914
2015-04-08 00:00:00,0.4740540336134454
2015-04-10 00:00:00,0.4127225845070423
2015-04-12 00:00:00,0.34101895588235304
2015-04-14 00:00:00,0.4021958734177214
2015-04-16 00:00:00,0.3821573188405797
2015-04-18 00:00:00,0.4132043383458647
2015-04-20 00:00:00,0.3834475542168675
2015-04-22 00:00:00,0.42149554545454543
2015-04-24 00:00:00,0.5214497583333333
2015-04-26 00:00:00,0.3498903691275168
2015-04-28 00:00:00,0.37746136305732486
2015-04-30 00:00:00,0.431984932330827
2015-05-02 00:00:00,0.373641925170068
2015-05-04 00:00:00,0.3906814393939394
2015-05-06 00:00:00,0.4081766433566434
2015-05-08 00:00:00,0.4009522635135135
2015-05-10 00:00:00,0.40851273643410846
2015-05-12 00:00:00,0.3906597594936709
2015-05-14 00:00:00,0.3787343928571429
2015-05-16 00:00:00,0.4097718203125
2015-05-18 00:00:00,0.40876194890510953
2015-05-20 00:00:00,0.42019341549295774
2015-05-22 00:00:00,0.3944427464788733
2015-05-24 00:00:00,0.4031306382978723
2015-05-26 00:00:00,0.43884316296296294
2015-05-28 00:00:00,0.44746258333333333
2015-05-30 00:00:00,0.5430343306451613
2015-06-01 00:00:00,0.4771302773722628
2015-06-03 00:00:00,0.4701174507042253
2015-06-05 00:00:00,0.41414958450704226
2015-06-07 00:00:00,0.3279989640718563
2015-06-09 00:00:00,0.3687518703703704
2015-06-11 00:00:00,0.43038567096774194
2015-06-13 00:00:00,0.4096257721518987
2015-06-15 00:00:00,0.47822519999999996
2015-06-17 00:00:00,0.5900169366197183
2015-06-19 00:00:00,0.49172386956521746
2015-06-21 00:00:00,0.4286816967213115
2015-06-23 00:00:00,0.5911582867132867
2015-06-25 00:00:00,0.3543320125
2015-06-27 00:00:00,0.4824453359375
2015-06-29 00:00:00,0.46772607299270075
2015-07-01 00:00:00,0.6247242620689655
2015-07-03 00:00:00,0.4551951790123457
2015-07-05 00:00:00,0.3802883379310345
2015-07-07 00:00:00,0.7767134594594594
2015-07-09 00:00:00,0.7004046811594203
2015-07-11 00:00:00,0.7051406896551723
2015-07-13 00:00:00,0.7572038344827586
2015-07-15 00:00:00,0.6968850194805195
2015-07-17 00:00:00,0.6997647708333333
2015-07-19 00:00:00,0.6554952517482517
2015-07-21 00:00:00,0.4609679928571428
2015-07-23 00:00:00,0.38651674496644295
2015-07-25 00:00:00,0.38416583660130715
2015-07-27 00:00:00,0.5472667032258065
2015-07-29 00:00:00,0.8187686711409397
2015-07-31 00:00:00,0.7841715899280575
2015-08-02 00:00:00,0.4407346878980892
2015-08-04 00:00:00,0.7260759097222222
2015-08-06 00:00:00,0.7938233142857142
2015-08-08 00:00:00,0.3673111910828026
2015-08-10 00:00:00,0.40965680571428575
2015-08-12 00:00:00,0.5160442845528456
2015-08-14 00:00:00,0.4371527089552239
2015-08-16 00:00:00,0.35866889115646255
2015-08-18 00:00:00,0.46065239999999996
2015-08-20 00:00:00,0.38521272903225806
2015-08-22 00:00:00,0.3919019738562092
2015-08-24 00:00:00,0.43477173248407647
2015-08-26 00:00:00,0.41382632258064517
2015-08-28 00:00:00,0.43133182550335575
2015-08-30 00:00:00,0.34746787500000004
2015-09-01 00:00:00,0.5154674736842105
2015-09-03 00:00:00,0.6007755496688741
2015-09-05 00:00:00,0.48237578145695376
2015-09-07 00:00:00,0.4822181617647059
2015-09-09 00:00:00,0.711985134751773
2015-09-11 00:00:00,0.6522061791907514
2015-09-13 00:00:00,0.6329816285714286
2015-09-15 00:00:00,0.6935994846625767
2015-09-17 00:00:00,0.688808609929078
2015-09-19 00:00:00,0.4616508560606061
2015-09-21 00:00:00,0.5538373636363636
2015-09-23 00:00:00,0.50182222
2015-09-25 00:00:00,0.44615375925925926
2015-09-27 00:00:00,0.42625382638888887
2015-09-29 00:00:00,0.43467721387283237
2015-10-01 00:00:00,0.45193961038961034
2015-10-03 00:00:00,0.4395409342105263
2015-10-05 00:00:00,0.418199
2015-10-07 00:00:00,0.6749667111111111
2015-10-09 00:00:00,0.583549917293233
2015-10-11 00:00:00,0.5901196
2015-10-13 00:00:00,0.5789778358208955
2015-10-15 00:00:00,0.5685996134969326
2015-10-17 00:00:00,0.6547715267175573
2015-10-19 00:00:00,0.5130747469879517
2015-10-21 00:00:00,0.6433683379310345
2015-10-23 00:00:00,0.5201101363636363
2015-10-25 00:00:00,0.5091113225806452
2015-10-27 00:00:00,0.5324800189873417
2015-10-29 00:00:00,0.5983270135135135
2015-10-31 00:00:00,0.5158521184210526
2015-11-02 00:00:00,0.5983496896551724
2015-11-04 00:00:00,0.7738935032258065
2015-11-06 00:00:00,0.6703288832116788
2015-11-08 00:00:00,0.5649603571428571
2015-11-10 00:00:00,0.5599680699300699
2015-11-12 00:00:00,0.5478714794520548
2015-11-14 00:00:00,0.5315930921052632
2015-11-16 00:00:00,0.4792007329545454
2015-11-18 00:00:00,0.6625697642857143
2015-11-20 00:00:00,0.5207887421383648
2015-11-22 00:00:00,0.40130741954022986
2015-11-24 00:00:00,0.5226247960526316
2015-11-26 00:00:00,0.5690603333333334
2015-11-28 00:00:00,0.6126028630136986
2015-11-30 00:00:00,0.6631424466666667
2015-12-02 00:00:00,0.6674648775510205
2015-12-04 00:00:00,0.5643991780821919
2015-12-06 00:00:00,0.5721714069767442
2015-12-08 00:00:00,0.6673874150943396
2015-12-10 00:00:00,0.5806186428571428
2015-12-12 00:00:00,0.6878884251497005
2015-12-14 00:00:00,0.6709410568181818
2015-12-16 00:00:00,0.6756485595238095
2015-12-18 00:00:00,0.6342352625000001
2015-12-20 00:00:00,0.5589670887573964
2015-12-22 00:00:00,0.7804523475177305
2015-12-24 00:00:00,0.7291674295302014
2015-12-26 00:00:00,0.4772728010752688
2015-12-28 00:00:00,0.5856291428571428
2015-12-30 00:00:00,0.5648688323699422
2016-01-01 00:00:00,0.46941429629629633
2016-01-03 00:00:00,0.5257396510067114
2016-01-05 00:00:00,0.6495762269938651
2016-01-07 00:00:00,0.6778494305555555
2016-01-09 00:00:00,0.6069291698113207
2016-01-11 00:00:00,0.6402203411764705
2016-01-13 00:00:00,0.6615723660130719
2016-01-15 00:00:00,0.7806274390243904
2016-01-17 00:00:00,0.7458049928057555
2016-01-19 00:00:00,0.7521260402684563
2016-01-21 00:00:00,0.8407136194029851
2016-01-23 00:00:00,0.609391340782123
2016-01-25 00:00:00,0.6516743526011561
2016-01-27 00:00:00,0.727886461038961
2016-01-29 00:00:00,0.663735094117647
2016-01-31 00:00:00,0.5196530670391062
2016-02-02 00:00:00,0.8246359268292682
2016-02-04 00:00:00,0.6328443891891892
2016-02-06 00:00:00,0.6526866910994764
2016-02-08 00:00:00,0.7539734968944098
2016-02-10 00:00:00,0.7158979408284023
2016-02-12 00:00:00,0.6650826981132075
2016-02-14 00:00:00,0.5667196944444445
2016-02-16 00:00:00,0.7319261610738256
2016-02-18 00:00:00,0.62491515
2016-02-20 00:00:00,0.7443559493670887
2016-02-22 00:00:00,0.8595248153846153
2016-02-24 00:00:00,0.8958440081300812
2016-02-26 00:00:00,0.75447926
2016-02-28 00:00:00,0.7003338724832215
2016-03-01 00:00:00,0.89761428125
2016-03-03 00:00:00,0.9185191729323308
2016-03-05 00:00:00,0.7731704025157233
2016-03-07 00:00:00,0.651829464516129
2016-03-09 00:00:00,0.7183319393939395
2016-03-11 00:00:00,0.6278851779141105
2016-03-13 00:00:00,0.5706659465648855
2016-03-15 00:00:00,0.6914230197368422
2016-03-17 00:00:00,0.7541426444444445
2016-03-19 00:00:00,0.6814701851851852
2016-03-21 00:00:00,0.7842592301587302
2016-03-23 00:00:00,0.6589215298013246
2016-03-25 00:00:00,0.6411212275862068
2016-03-27 00:00:00,0.6138536470588235
2016-03-29 00:00:00,0.6978397
2016-03-31 00:00:00,0.837658632
2016-04-02 00:00:00,0.8255437133333332
2016-04-04 00:00:00,0.6659215792682927
2016-04-06 00:00:00,0.7157646064516129
2016-04-08 00:00:00,0.7354707659574468
2016-04-10 00:00:00,0.5667128908045977
2016-04-12 00:00:00,0.7947789671052632
2016-04-14 00:00:00,0.7458737393939394
2016-04-16 00:00:00,0.7081379300699301
2016-04-18 00:00:00,0.7836681333333333
2016-04-20 00:00:00,0.6969258848484848
2016-04-22 00:00:00,0.7749120979020978
2016-04-24 00:00:00,0.728039803030303
2016-04-26 00:00:00,0.8131796887417219
2016-04-28 00:00:00,0.8982190294117647
2016-04-30 00:00:00,0.7575485068493151
2016-05-02 00:00:00,0.7510854713375796
2016-05-04 00:00:00,0.7087220119047619
2016-05-06 00:00:00,0.6858892777777778
2016-05-08 00:00:00,0.5846545950920246
2016-05-10 00:00:00,0.7269089810126582
2016-05-12 00:00:00,0.7799939712230216
2016-05-14 00:00:00,0.8123429305555556
2016-05-16 00:00:00,0.9067635744680851
2016-05-18 00:00:00,0.8743317337662337
2016-05-20 00:00:00,0.781658288590604
2016-05-22 00:00:00,0.6035817880434783
2016-05-24 00:00:00,0.849967387755102
2016-05-26 00:00:00,0.8230840583941607
2016-05-28 00:00:00,0.8633647518796992
2016-05-30 00:00:00,0.8924766137931035
2016-06-01 00:00:00,0.8404144236111111
2016-06-03 00:00:00,0.8325584436619718
2016-06-05 00:00:00,0.6134884678362573
2016-06-07 00:00:00,0.8027037605633803
2016-06-09 00:00:00,0.7206210909090909
2016-06-11 00:00:00,0.6961208012820513
2016-06-13 00:00:00,0.9156027515527951
2016-06-15 00:00:00,0.9182022467532467
2016-06-17 00:00:00,0.9307537382550336
2016-06-19 00:00:00,0.7231075649717514
2016-06-21 00:00:00,0.9149100067114094
2016-06-23 00:00:00,0.9197958571428572
2016-06-25 00:00:00,0.7974393855421686
2016-06-27 00:00:00,0.7772074693877551
2016-06-29 00:00:00,0.7645592260273972
2016-07-01 00:00:00,0.751746796178344
2016-07-03 00:00:00,0.6146488116883118
2016-07-05 00:00:00,0.7891594413793103
2016-07-07 00:00:00,0.8223174275362318
2016-07-09 00:00:00,0.6580531812080537
2016-07-11 00:00:00,0.7932866923076923
2016-07-13 00:00:00,0.8186623538461539
2016-07-15 00:00:00,0.790217274074074
2016-07-17 00:00:00,0.7093562147651007
2016-07-19 00:00:00,0.860789296875
2016-07-21 00:00:00,0.8092726315789475
2016-07-23 00:00:00,0.8263020381679389
2016-07-25 00:00:00,0.9106621818181818
2016-07-27 00:00:00,0.9217874453125
2016-07-29 00:00:00,0.8223719659863945
2016-07-31 00:00:00,0.7945719350649351
2016-08-02 00:00:00,0.8602431419354838
2016-08-04 00:00:00,0.7807426274509803
2016-08-06 00:00:00,0.6175066107784432
2016-08-08 00:00:00,0.8403128926174497
2016-08-10 00:00:00,0.8311269013157895
2016-08-12 00:00:00,0.8052742214765101
2016-08-14 00:00:00,0.6369271646341463
2016-08-16 00:00:00,0.9206494779411765
2016-08-18 00:00:00,0.798859012987013
2016-08-20 00:00:00,0.7158367307692307
2016-08-22 00:00:00,0.7862193522012578
2016-08-24 00:00:00,0.7578695359477123
2016-08-26 00:00:00,0.8444123409090909
2016-08-28 00:00:00,0.6085277171052631
2016-08-30 00:00:00,0.7841255757575757
2016-09-01 00:00:00,0.8462416595744682
2016-09-03 00:00:00,0.7699421825396825
2016-09-05 00:00:00,0.8802988571428572
2016-09-07 00:00:00,0.8093318355263158
2016-09-09 00:00:00,0.8143285104895105
2016-09-11 00:00:00,0.591717
2016-09-13 00:00:00,0.7817094578313253
2016-09-15 00:00:00,0.7529788116883117
2016-09-17 00:00:00,0.7543839386503068
2016-09-19 00:00:00,0.8350412330827068
2016-09-21 00:00:00,0.7113517951807229
2016-09-23 00:00:00,0.8052610514705882
2016-09-25 00:00:00,0.5713854838709678
2016-09-27 00:00:00,0.7622297100591716
2016-09-29 00:00:00,0.8328163776223776
2016-10-01 00:00:00,0.7112770445859873
2016-10-03 00:00:00,0.8654335197368421
2016-10-05 00:00:00,0.7889120359281437
2016-10-07 00:00:00,0.8684020625
2016-10-09 00:00:00,0.68225275
2016-10-11 00:00:00,0.9230886690647482
2016-10-13 00:00:00,0.9120396875
2016-10-15 00:00:00,0.7816515492957746
2016-10-17 00:00:00,0.929673328
2016-10-19 00:00:00,0.8089161111111111
2016-10-21 00:00:00,0.7910859207317072
2016-10-23 00:00:00,0.7923368958333333
2016-10-25 00:00:00,0.9439283381294964
2016-10-27 00:00:00,0.9776256728395062
2016-10-29 00:00:00,0.7730397046979867
2016-10-31 00:00:00,0.8109842721088435
2016-11-02 00:00:00,0.90370907518797
2016-11-04 00:00:00,0.9561081982758621
2016-11-06 00:00:00,0.7325246883116883
2016-11-08 00:00:00,0.8662659408284024
2016-11-10 00:00:00,0.8045371130952381
2016-11-12 00:00:00,0.7104031964285714
2016-11-14 00:00:00,0.7902279941860466
2016-11-16 00:00:00,0.7912516104651164
2016-11-18 00:00:00,0.932392641891892
2016-11-20 00:00:00,0.903049
2016-11-22 00:00:00,0.9588848134328358
2016-11-24 00:00:00,0.9522807682926829
2016-11-26 00:00:00,0.943726090909091
2016-11-28 00:00:00,0.9091113658536586
2016-11-30 00:00:00,0.9122474647887324
2016-12-02 00:00:00,0.9767190972222222
2016-12-04 00:00:00,0.8569991689189189
2016-12-06 00:00:00,0.9627610933333334
2016-12-08 00:00:00,0.8501776878980892
2016-12-10 00:00:00,0.8984817196969697
2016-12-12 00:00:00,0.806014641025641
2016-12-14 00:00:00,0.9016278705035972
2016-12-16 00:00:00,0.9666167969924813
2016-12-18 00:00:00,0.8614163758865249
2016-12-20 00:00:00,0.9703796159420289
2016-12-22 00:00:00,0.9198361949685534
2016-12-24 00:00:00,0.854889503649635
2016-12-26 00:00:00,0.8558632816901408
2016-12-28 00:00:00,0.8684801951219513
2016-12-30 00:00:00,0.8717078280254776
2017-01-01 00:00:00,0.6985397692307692
2017-01-03 00:00:00,0.9065735182926828
2017-01-05 00:00:00,0.9841968928571428
2017-01-07 00:00:00,0.9873366330935252
2017-01-09 00:00:00,0.9230031617647059
2017-01-11 00:00:00,0.9230163529411763
2017-01-13 00:00:00,0.8415314701986755
2017-01-15 00:00:00,0.6770676586826347
2017-01-17 00:00:00,0.900242
2017-01-19 00:00:00,0.8343687413793104
2017-01-21 00:00:00,0.6930888342541436
2017-01-23 00:00:00,0.9093341007194244
2017-01-25 00:00:00,0.9879089266666667
2017-01-27 00:00:00,0.8376798058823529
2017-01-29 00:00:00,0.8624916467065867
2017-01-31 00:00:00,0.9595463241379311
2017-02-02 00:00:00,0.9139565923566879
2017-02-04 00:00:00,0.9524730551724139
2017-02-06 00:00:00,0.97920132
2017-02-08 00:00:00,0.9611287191780822
2017-02-10 00:00:00,0.9677519797297297
2017-02-12 00:00:00,0.8674449078014184
2017-02-14 00:00:00,0.8847332662721894
2017-02-16 00:00:00,0.9741140789473683
2017-02-18 00:00:00,0.9622173421052631
2017-02-20 00:00:00,0.9513293851351352
2017-02-22 00:00:00,0.9773118633093525
2017-02-24 00:00:00,0.9716721686746989
2017-02-26 00:00:00,0.9217508539325843
2017-02-28 00:00:00,0.968234019607843
2017-03-02 00:00:00,0.9556123312101911
2017-03-04 00:00:00,0.9860852686567164
2017-03-06 00:00:00,0.9655325633802817
2017-03-08 00:00:00,0.9794270845070422
2017-03-10 00:00:00,0.9918213461538462
2017-03-12 00:00:00,0.960146464516129
2017-03-14 00:00:00,0.962449358974359
2017-03-16 00:00:00,0.9882601307189542
2017-03-18 00:00:00,0.9420463184713376
2017-03-20 00:00:00,0.9773873529411764
2017-03-22 00:00:00,0.9823028385093168
2017-03-24 00:00:00,0.869937534090909
2017-03-26 00:00:00,0.6767430843373494
2017-03-28 00:00:00,0.9856837225806452
2017-03-30 00:00:00,0.9625500975609756
2017-04-01 00:00:00,0.9671549848484848
2017-04-03 00:00:00,0.878287340909091
2017-04-05 00:00:00,0.9668584444444445
2017-04-07 00:00:00,0.9775861049382715
2017-04-09 00:00:00,0.925461893081761
2017-04-11 00:00:00,0.9628318922155689
2017-04-13 00:00:00,0.9729802992125984
2017-04-15 00:00:00,0.9917443973509933
2017-04-17 00:00:00,0.9307864855072463
2017-04-19 00:00:00,0.9842131748251748
2017-04-21 00:00:00,0.9759393233532934
2017-04-23 00:00:00,0.947631065359477
2017-04-25 00:00:00,0.9660103243243243
2017-04-27 00:00:00,0.9676179795918368
2017-04-29 00:00:00,0.9715703121387282
2017-05-01 00:00:00,0.9774208933333334
2017-05-03 00:00:00,0.9952908712121213
2017-05-05 00:00:00,0.9612458682170543
2017-05-07 00:00:00,0.9648364431137725
2017-05-09 00:00:00,0.9877865225806451
2017-05-11 00:00:00,0.9612426962962963
2017-05-13 00:00:00,0.9550900253164557
2017-05-15 00:00:00,0.9707119823529412
2017-05-17 00:00:00,0.9818819419354838
2017-05-19 00:00:00,0.9712608170731708
2017-05-21 00:00:00,0.990363700680272
2017-05-23 00:00:00,0.9786851666666666
2017-05-25 00:00:00,0.9768757668711656
2017-05-27 00:00:00,0.9914609166666667
2017-05-29 00:00:00,0.9779007417218544
2017-05-31 00:00:00,0.9766964512195121
2017-06-02 00:00:00,0.9819886164383562
2017-06-04 00:00:00,0.9823586708074535
2017-06-06 00:00:00,0.9900443973509934
2017-06-08 00:00:00,0.969814206060606
2017-06-10 00:00:00,0.9664552411347517
2017-06-12 00:00:00,0.9675946734693877
2017-06-14 00:00:00,0.9693562928571429
2017-06-16 00:00:00,0.9830880472972973
2017-06-18 00:00:00,0.9366373586206898
2017-06-20 00:00:00,0.9656752246376812
2017-06-22 00:00:00,0.9925778489208633
2017-06-24 00:00:00,0.9498387534246575
2017-06-26 00:00:00,0.9872243450704226
2017-06-28 00:00:00,0.9725872356687897
2017-06-30 00:00:00,0.9563143831168831
2017-07-02 00:00:00,0.7795832978723404
2017-07-04 00:00:00,0.89702977124183
2017-07-06 00:00:00,0.9563046619718311
2017-07-08 00:00:00,0.858895296969697
2017-07-10 00:00:00,0.7466579086294417
2017-07-12 00:00:00,0.8815641581920904
2017-07-14 00:00:00,0.9002089784172662
2017-07-16 00:00:00,0.840269717791411
2017-07-18 00:00:00,0.9594278727272727
2017-07-20 00:00:00,0.9294561296296295
2017-07-22 00:00:00,0.92575418125
2017-07-24 00:00:00,0.8944241123595505
2017-07-26 00:00:00,0.9673388231292516
2017-07-28 00:00:00,0.9168634066666668
2017-07-30 00:00:00,0.8103373605442177
2017-08-01 00:00:00,0.7252916308724833
2017-08-03 00:00:00,0.8688547101449275
2017-08-05 00:00:00,0.881231593220339
2017-08-07 00:00:00,0.9436978235294117
2017-08-09 00:00:00,0.954165920289855
2017-08-11 00:00:00,0.9671709027777777
2017-08-13 00:00:00,0.9833201554054054
2017-08-15 00:00:00,0.9750699013157894
2017-08-17 00:00:00,0.9786816033519553
2017-08-19 00:00:00,0.9664551589403974
2017-08-21 00:00:00,0.976487
2017-08-23 00:00:00,0.9865106666666668
2017-08-25 00:00:00,0.92875899009901
2017-08-27 00:00:00,0.9908020129032258
2017-08-29 00:00:00,0.9981771140939597
2017-08-31 00:00:00,0.9816415337423312
2017-09-02 00:00:00,0.8090010182926829
2017-09-04 00:00:00,0.9276607771428571
2017-09-06 00:00:00,0.9041358024691358
2017-09-08 00:00:00,0.9131877142857143
2017-09-10 00:00:00,0.7842028550724638
2017-09-12 00:00:00,0.7112392021276597
2017-09-14 00:00:00,0.8023505804597701
2017-09-16 00:00:00,0.7010672307692307
2017-09-18 00:00:00,0.9119924094488189
2017-09-20 00:00:00,0.9482453846153847
2017-09-22 00:00:00,0.8020077482014388
2017-09-24 00:00:00,0.656781524137931
2017-09-26 00:00:00,0.9622311086956522
2017-09-28 00:00:00,0.8439419661016948
2017-09-30 00:00:00,0.7862133985507247
2017-10-02 00:00:00,1.0015023933333334
2017-10-04 00:00:00,0.8374743656716418
2017-10-06 00:00:00,0.9204357924528301
2017-10-08 00:00:00,0.7644199010989011
2017-10-10 00:00:00,0.9642725875
2017-10-12 00:00:00,0.9775429869281046
2017-10-14 00:00:00,1.0232214397163122
2017-10-16 00:00:00,0.9177636379310345
2017-10-18 00:00:00,1.0175214900662253
2017-10-20 00:00:00,0.9930126312849161
2017-10-22 00:00:00,1.0052862252747252
2017-10-24 00:00:00,1.0410116407185628
2017-10-26 00:00:00,0.7323564888888889
2017-10-28 00:00:00,1.007806905882353
2017-10-30 00:00:00,1.0285091360544218
2017-11-01 00:00:00,1.0432853027522935
2017-11-03 00:00:00,1.046605974789916
2017-11-05 00:00:00,1.0426671631205673
2017-11-07 00:00:00,1.0263800833333334
2017-11-09 00:00:00,1.024794026143791
2017-11-11 00:00:00,1.058251325
2017-11-13 00:00:00,1.0417878
2017-11-15 00:00:00,1.0459106315789475
2017-11-17 00:00:00,1.0345285748502993
2017-11-19 00:00:00,1.042986825
2017-11-21 00:00:00,1.0558941560693642
2017-11-23 00:00:00,1.0568942611464969
2017-11-25 00:00:00,1.0478601025641026
2017-11-27 00:00:00,1.0473966470588236
2017-11-29 00:00:00,1.0644090057803468
2017-12-01 00:00:00,1.0680846666666668
2017-12-03 00:00:00,1.0473750397727273
2017-12-05 00:00:00,1.0586585337078651
2017-12-07 00:00:00,1.0453151125827813
2017-12-09 00:00:00,1.0512662873563219
2017-12-11 00:00:00,1.060447970760234
2017-12-13 00:00:00,1.0570646720430106
2017-12-15 00:00:00,1.0579387692307691
2017-12-17 00:00:00,1.0410744216216217
2017-12-19 00:00:00,1.0601593999999999
2017-12-21 00:00:00,1.038692090909091
2017-12-23 00:00:00,1.0600379640287771
2017-12-25 00:00:00,1.0507459555555556
2017-12-27 00:00:00,1.0675947884615387
2017-12-29 00:00:00,1.0477537151515153
2017-12-31 00:00:00,1.0370569693251535
2018-01-02 00:00:00,1.0413675964912281
2018-01-04 00:00:00,1.0658327023809524
2018-01-06 00:00:00,1.0546091607142858
2018-01-08 00:00:00,1.0506483373493976
2018-01-10 00:00:00,1.0581949759036144
2018-01-12 00:00:00,1.0546687584269663
2018-01-14 00:00:00,1.0506577677419355
2018-01-16 00:00:00,1.050054220125786
2018-01-18 00:00:00,1.05084887283237
2018-01-20 00:00:00,1.1065685898876405
2018-01-22 00:00:00,1.0810381017964072
2018-01-24 00:00:00,1.0699939545454547
2018-01-26 00:00:00,1.0426272967741936
2018-01-28 00:00:00,1.031008841772152
2018-01-30 00:00:00,0.9875086706586826
2018-02-01 00:00:00,1.053963175
2018-02-03 00:00:00,0.9965668607594936
2018-02-05 00:00:00,1.1027334702702702
2018-02-07 00:00:00,1.0717223900709218
2018-02-09 00:00:00,1.076192548148148
2018-02-11 00:00:00,1.0069191523178809
2018-02-13 00:00:00,1.0329561585365854
2018-02-15 00:00:00,1.063894961832061
2018-02-17 00:00:00,0.9730171812080537
2018-02-19 00:00:00,1.0065840740740741
2018-02-21 00:00:00,0.985094627218935
2018-02-23 00:00:00,1.006292972972973
2018-02-25 00:00:00,0.7101613157894737
2018-02-27 00:00:00,1.01619215
2018-03-01 00:00:00,1.068240521212121
2018-03-03 00:00:00,0.9768335166666667
2018-03-05 00:00:00,1.0160605167785235
2018-03-07 00:00:00,1.0223219108280255
2018-03-09 00:00:00,1.0312283424657533
2018-03-11 00:00:00,1.0131507647058824
2018-03-13 00:00:00,0.8925809430379747
2018-03-15 00:00:00,0.7704331319444444
2018-03-17 00:00:00,0.515427899328859
2018-03-19 00:00:00,0.6780447032258065
2018-03-21 00:00:00,0.6702691842105263
2018-03-23 00:00:00,0.8305476766917294
2018-03-25 00:00:00,0.5687728592592592
2018-03-27 00:00:00,0.763199125
2018-03-29 00:00:00,0.679723552631579
2018-03-31 00:00:00,0.6763264765625
2018-04-02 00:00:00,0.5666118653846154
2018-04-04 00:00:00,0.7233463401360545
2018-04-06 00:00:00,0.824647615942029
2018-04-08 00:00:00,0.4314517639751553
2018-04-10 00:00:00,0.6831044512195121
2018-04-12 00:00:00,0.8257664545454546
2018-04-14 00:00:00,0.7989102700729926
2018-04-16 00:00:00,0.9675472553191489
2018-04-18 00:00:00,0.674461025
2018-04-20 00:00:00,0.8184397883211678
2018-04-22 00:00:00,0.5588472312499999
2018-04-24 00:00:00,0.9671785220125786
2018-04-26 00:00:00,0.8847065106382979
2018-04-28 00:00:00,0.844274703125
2018-04-30 00:00:00,0.748396935483871
2018-05-02 00:00:00,0.8779781357142857
2018-05-04 00:00:00,0.9738190289855072
2018-05-06 00:00:00,0.7584010583941605
2018-05-08 00:00:00,0.9153971294964028
2018-05-10 00:00:00,0.7333766948051947
2018-05-12 00:00:00,0.6442366848484848
2018-05-14 00:00:00,0.8727042727272727
2018-05-16 00:00:00,0.6065971396648044
2018-05-18 00:00:00,0.8392801554054055
2018-05-20 00:00:00,0.5550495555555556
2018-05-22 00:00:00,0.6977125562913907
2018-05-24 00:00:00,0.7261731538461538
2018-05-26 00:00:00,0.4884693827160494
2018-05-28 00:00:00,0.7101011153846154
2018-05-30 00:00:00,0.6259900804597701
2018-06-01 00:00:00,0.7219150843373494
2018-06-03 00:00:00,0.7712843496932515
2018-06-05 00:00:00,0.8484794857142858
2018-06-07 00:00:00,1.0825134895104895
2018-06-09 00:00:00,0.6309251188811189
2018-06-11 00:00:00,0.7930756142857143
2018-06-13 00:00:00,0.9130502657342658
2018-06-15 00:00:00,0.8013465163398692
2018-06-17 00:00:00,0.49098026751592355
2018-06-19 00:00:00,0.9086240838709678
2018-06-21 00:00:00,0.6167434294117647
2018-06-23 00:00:00,0.53442266875
2018-06-25 00:00:00,0.9209478343949045
2018-06-27 00:00:00,1.0880430743801652
2018-06-29 00:00:00,0.746513298013245
2018-07-01 00:00:00,0.7052914421768708
2018-07-03 00:00:00,1.1138170086206898
2018-07-05 00:00:00,0.7837482189781022
2018-07-07 00:00:00,0.5372100576923077
2018-07-09 00:00:00,1.0604153529411764
2018-07-11 00:00:00,1.006592259259259
2018-07-13 00:00:00,1.1135327062937062
2018-07-15 00:00:00,0.7739460902255639
2018-07-17 00:00:00,0.909335534591195
2018-07-19 00:00:00,0.7346288011695907
2018-07-21 00:00:00,0.7157412262773724
2018-07-23 00:00:00,0.890057921686747
2018-07-25 00:00:00,0.9650744915254237
2018-07-27 00:00:00,0.8862760538922156
2018-07-29 00:00:00,0.5393209235294117
